variant,idea,name,asset,trades_per_yr,total_return,cagr,sharpe,max_dd,bh_return,bh_max_dd,ret_2x,ret_3x,verdict,flags
1,IDEA-001,Golden Cross 50/200,SPY,1.0,1.44810907794893,0.0714102055184535,0.5326941638434396,-0.3204897694856758,3.338272032196654,-0.3204897694856761,,,FAIL,
2,IDEA-001,Golden Cross 50/200,QQQ,1.2,3.871958499151092,0.1297468470131959,0.7486329346984012,-0.2756312363680812,5.42886034099324,-0.3669303629848333,,,FAIL,
3,IDEA-001,Golden Cross 50/200,GLD,1.5,0.4382190786927802,0.028392606631318,0.241438289129606,-0.3621605015452239,0.5406328332689652,-0.4532452206750047,,,FAIL,
4,IDEA-002,200-day SMA filter,SPY,5.8,1.4549467465158328,0.0716404524873812,0.5899936583847446,-0.2438686928840385,3.338272032196654,-0.3204897694856761,,,FAIL,
5,IDEA-002,200-day SMA filter,EFA,9.6,0.3775438928575518,0.0249832666867693,0.220858764202332,-0.2398210691666444,0.713212722659522,-0.3400460804217242,,,FAIL,
6,IDEA-002,200-day SMA filter,GLD,9.6,0.27499155135264,0.0188924698759367,0.1661660124463067,-0.3374105928831372,0.5406328332689652,-0.4532452206750047,,,FAIL,
7,IDEA-002,200-day SMA filter,VNQ,9.2,0.7070303250822769,0.0420583026549701,0.3233170928154621,-0.2646473335786214,2.024584434645255,-0.3991820971029755,,,FAIL,
8,IDEA-003,12-mo TS momentum,SPY,0.7,2.1413973481994852,0.0921912034631236,0.6066877304454612,-0.3204897694856758,3.338272032196654,-0.3204897694856761,,,FAIL,
9,IDEA-003,12-mo TS momentum,GLD,1.8,0.4262662466345301,0.0277316148381254,0.2361264794692634,-0.3220518103855618,0.5406328332689652,-0.4532452206750047,,,FAIL,
10,IDEA-004,XS momentum 12-1 top decile,9 SPDR sectors,,,,,,,,,,ERROR,Encountered all NA values
11,IDEA-005,Dual momentum (Antonacci),SPY/EFA/AGG,1.5,1.2709410650234083,0.0652274147957059,0.4403171327976936,-0.320489769485676,1.2597673889875094,-0.2370414279468876,,,FAIL,
12,IDEA-006,MACD trend 12/26/9,SPY,20.7,1.1075282188610682,0.0591164571715028,0.5517634210336833,-0.1585541672766914,3.338272032196654,-0.3204897694856761,,,FAIL,
13,IDEA-006,MACD trend 12/26/9,GLD,20.3,0.2738842095346898,0.0188242679136358,0.1705455674203534,-0.2770755531069395,0.5406328332689652,-0.4532452206750047,,,FAIL,
14,IDEA-007,Parabolic SAR,GLD,20.4,0.3435384631109004,0.0230113985238111,0.1850417129686027,-0.4022901977030799,0.5406328332689652,-0.4532452206750047,,,FAIL,
15,IDEA-008,Triple EMA 4/9/18,GLD,18.4,0.3986706947525835,0.026185837128213,0.246814032314211,-0.2552544675266943,0.5406328332689652,-0.4532452206750047,,,FAIL,
16,IDEA-008,Triple EMA 4/9/18,SPY,20.6,0.677971907888439,0.040680844301725,0.4060452380717919,-0.1602954902803034,3.338272032196654,-0.3204897694856761,,,FAIL,
17,IDEA-009,52wk-high momentum rotation,9 SPDR sectors,9.1,1.590150787238315,0.0760757256605209,0.5636405574933396,-0.3177883164428466,3.4266694066237253,-0.3461103992758146,,,FAIL,
18,IDEA-010,ADX/DMI system,GLD,2.9,0.0497108283000904,0.0037445999826142,-0.0645131586931469,-0.0852745817822054,0.5406328332689652,-0.4532452206750047,,,FAIL,
19,IDEA-045,Dual SMA 10/30,GLD,10.1,0.3345679260187089,0.0224835483815604,0.1999131040066488,-0.3085387111016335,0.5406328332689652,-0.4532452206750047,,,FAIL,
20,IDEA-045,Dual SMA 10/30,SPY,8.1,0.8344388863397629,0.0478532487882059,0.4221671351196135,-0.1653211855073668,3.338272032196654,-0.3204897694856761,,,FAIL,
21,IDEA-046,Triple SMA 5/20/50,SPY,12.1,0.5127425794981819,0.0324029021793597,0.3443909512906264,-0.2281777392950041,3.338272032196654,-0.3204897694856761,,,FAIL,
22,IDEA-047,Absolute momentum vs T-bill,SPY (SHY cash),1.2,1.1175745527820409,0.0595045578643567,0.4164084842417674,-0.3799731431532465,3.338272032196654,-0.3204897694856761,,,FAIL,
23,IDEA-048,Dual momentum 4-asset,SPY/EFA/GLD/IEF (SHY cash),,,,,,,,,,ERROR,Encountered all NA values
24,IDEA-049,Ivy 5 tactical allocation,SPY/VEU/AGG/VNQ/GLD,6.5,0.6669553474995771,0.0401528633260492,0.4980233953257642,-0.0995169651934672,1.3234540904308183,-0.2360127390669082,,,FAIL,
25,IDEA-050,ADX-gated Golden Cross,SPY,6.8,0.3445429347764566,0.0230703016388884,0.2190618960839745,-0.2583784974228484,3.338272032196654,-0.3204897694856761,,,FAIL,
26,IDEA-051,Keltner breakout,GLD,7.2,0.224824048269427,0.0157463171911713,0.1591499169849072,-0.1885480493106029,0.5406328332689652,-0.4532452206750047,,,FAIL,
27,IDEA-052,Aroon 25 trend,GLD,8.9,0.0875062937475572,0.0064836592825325,0.0577409012029956,-0.3787398030510716,0.5406328332689652,-0.4532452206750047,,,FAIL,
28,IDEA-053,ROC 125-day filter,SPY,6.5,1.6053733138401531,0.0765616285505308,0.6263856860985183,-0.2322727153894139,3.338272032196654,-0.3204897694856761,,,FAIL,
29,IDEA-054,10-month SMA timing,SPY,1.7,1.179348507488262,0.0618542539957422,0.473610165711501,-0.2219897401216504,3.338272032196654,-0.3204897694856761,,,FAIL,
30,IDEA-054,10-month SMA timing,GLD,2.2,0.2279679080806136,0.0159469402423659,0.1416505824823752,-0.4164337128227383,0.5406328332689652,-0.4532452206750047,,,FAIL,
31,IDEA-055,Weekly GC 10/40wk,SPY,1.0,1.4133858594266129,0.0702317197726272,0.5293473425451564,-0.3204897694856758,3.338272032196654,-0.3204897694856761,,,FAIL,
32,IDEA-056,EMA crossover 12/26,GLD,8.6,0.3320698097386887,0.0223359696633618,0.198673239025379,-0.3707468673986522,0.5406328332689652,-0.4532452206750047,,,FAIL,
33,IDEA-057,Elder triple screen,SPY,10.9,0.5935813552897851,0.0365518834026552,0.5279964694457038,-0.1089690296353779,3.338272032196654,-0.3204897694856761,,,FAIL,
34,IDEA-058,Chandelier exit + Donchian entry,GLD,7.6,0.3662996200937993,0.0243362669169164,0.2352241737338553,-0.193397381816147,0.5406328332689652,-0.4532452206750047,,,FAIL,
35,IDEA-059,SuperTrend 10/3,GLD,9.0,0.31600898689751,0.0213810146077861,0.1936768785534386,-0.2043260607940039,0.5406328332689652,-0.4532452206750047,,,FAIL,
36,IDEA-060,LinReg slope 50d,SPY,4.5,1.076163385928366,0.0578937165371746,0.4839128592362947,-0.255075374539234,3.338272032196654,-0.3204897694856761,,,FAIL,
37,IDEA-062,ATR trailing stop on GC,SPY,0.9,0.2074176572054376,0.0146268657980079,0.3332040818693454,-0.0550001015007368,3.338272032196654,-0.3204897694856761,,,FAIL,
38,IDEA-063,MA ribbon 10-50,GLD,6.7,0.3113179505611056,0.0211000619302779,0.2184429503447952,-0.2018412384292321,0.5406328332689652,-0.4532452206750047,,,FAIL,
39,IDEA-064,Ride upper Bollinger,GLD,15.7,0.1352015406143114,0.0098174196161617,0.1118254774591772,-0.0870326600465207,0.5406328332689652,-0.4532452206750047,,,FAIL,
40,IDEA-065,"52wk-high momentum, 10% trail",SPY,1.5,1.7028792540943405,0.079613259696877,0.6503164492709429,-0.184359669695678,3.338272032196654,-0.3204897694856761,,,FAIL,
41,IDEA-065,"52wk-high momentum, 10% trail",AAPL,4.4,2.6716470946390323,0.1053943977049751,0.5810219617956968,-0.3605222280996941,18.754920258056387,-0.4419022008899439,,,FAIL,
42,IDEA-066,Sector rotation top-3 (6m),9 SPDR sectors,8.0,3.828833491665222,0.1289732634198606,0.7667228052986983,-0.2903126734974469,3.4266694066237253,-0.3461103992758146,,,PASS,
43,IDEA-102,"Sector rotation top-3, inv-vol wts",9 SPDR sectors,12.0,3.4482009679074386,0.1218545513861801,0.7462984538704518,-0.2901401067786912,3.4266694066237253,-0.3461103992758146,,,PASS,
44,IDEA-067,Vol-adjusted trend (Sharpe>0.3),SPY,1.9,0.6836088943248559,0.0409497670259493,0.3123287360198674,-0.3895897586672188,3.338272032196654,-0.3204897694856761,,,FAIL,
45,IDEA-011,RSI(2) reversion (Connors),SPY,15.6,0.5319200333122838,0.0334053631844808,0.4293110833063262,-0.1416953427800431,3.338272032196654,-0.3204897694856761,,,FAIL,
46,IDEA-011,RSI(2) reversion (Connors),QQQ,16.6,0.5057341464888641,0.0320336225072825,0.3445621076380613,-0.1266148289388169,5.42886034099324,-0.3669303629848333,,,FAIL,
47,IDEA-012,Bollinger reversion,SPY,9.2,0.9886293910420464,0.0543888047688949,0.4789069707004893,-0.2695761836285621,3.338272032196654,-0.3204897694856761,,,FAIL,
48,IDEA-014,IBS reversion,SPY,70.2,0.7131104796437846,0.0423437806141757,0.4286169462139513,-0.2021095381737343,3.338272032196654,-0.3204897694856761,0.4278114345194614,0.1899823357339387,FAIL,
49,IDEA-014,IBS reversion,GLD,72.9,-0.0757000485938851,-0.0060461836188485,-0.1374171848643698,-0.2381283523318973,0.5406328332689652,-0.4532452206750047,-0.2350420104665439,-0.366938650600234,FAIL,
50,IDEA-015,Williams %R bounce,SPY,11.6,0.7598663732617696,0.0445083535891721,0.4211607806515606,-0.2412262015321583,3.338272032196654,-0.3204897694856761,,,FAIL,
51,IDEA-016,MA envelope fade (short),SPY,1.4,0.0060067563021131,0.0004614866082912,-0.1123120127989963,-0.0928367502280592,3.338272032196654,-0.3204897694856761,,,FAIL,
52,IDEA-018,Stochastic reversion,SPY,11.8,1.1818793661649294,0.0619492036711339,0.5102812413859955,-0.2583784974228486,3.338272032196654,-0.3204897694856761,,,FAIL,
53,IDEA-019,Pairs z-score reversion,GLD/SLV,6.9,-0.1879790404848037,-0.0159141201259436,-0.2383901080274824,-0.2958762638407274,0.4976848625799166,-0.5753206368459514,,,FAIL,
54,IDEA-019,Pairs z-score reversion,XLE/XLB,7.5,-0.1662574468052806,-0.0139106901448652,-0.2022847130330077,-0.3192476238433754,1.825794221983419,-0.5180871582910813,,,FAIL,
55,IDEA-068,Double 7's,SPY,20.5,0.9657738712065452,0.053450222397221,0.5152700981887737,-0.1471355688799301,3.338272032196654,-0.3204897694856761,,,FAIL,
56,IDEA-069,TPS PercentRank,SPY,1.1,0.3064706241207469,0.0208087726259333,0.2685780124408835,-0.2025698984207428,3.338272032196654,-0.3204897694856761,,,FAIL,
57,IDEA-070,Williams %R gated,SPY,6.9,0.87152530623294,0.0494702618430875,0.5171120541797791,-0.291583392114528,3.338272032196654,-0.3204897694856761,,,FAIL,
58,IDEA-071,Stochastic gated,SPY,5.7,0.8505643226728383,0.048560010891917,0.5191469940356308,-0.2594864302972099,3.338272032196654,-0.3204897694856761,,,FAIL,
59,IDEA-072,RSI(3) reversion variant,SPY,5.5,0.0555555604956072,0.0041740620216679,-0.0164495011425942,-0.1346808502466864,3.338272032196654,-0.3204897694856761,,,FAIL,
60,IDEA-072,RSI(4) reversion variant,SPY,1.8,0.1996263924864694,0.0141209555310051,0.2535311910428566,-0.0812888424206861,3.338272032196654,-0.3204897694856761,,,FAIL,
61,IDEA-073,Pct-below-MA reversion,SPY,0.8,0.0389396999439528,0.0029473400268276,-0.0106689032073052,-0.2695761836285618,3.338272032196654,-0.3204897694856761,,,FAIL,
62,IDEA-074,ADX-low gated RSI(2),SPY,8.3,0.1059392280374402,0.0077877739390004,0.0612098432289978,-0.1464766361285571,3.338272032196654,-0.3204897694856761,,,FAIL,
63,IDEA-075,3 consecutive down days,SPY,16.0,0.4499415649923191,0.0290359539863911,0.3028795871983522,-0.3072755646342994,3.338272032196654,-0.3204897694856761,,,FAIL,
64,IDEA-076,52-week low bounce,AAPL,0.3,0.147668029342884,0.010667466625807,0.1939895552287785,-0.0363802429109818,18.754920258056387,-0.4419022008899439,,,FAIL,
65,IDEA-076,52-week low bounce,MSFT,0.8,0.2454728236301171,0.017055409356482,0.367639955023456,-0.0433277273220286,9.162575480964993,-0.3646005760770029,,,FAIL,
66,IDEA-077,Keltner fade (ADX<20),SPY,3.5,0.3626572721748511,0.024125630773125,0.307739220821678,-0.1016516905898181,3.338272032196654,-0.3204897694856761,,,FAIL,
67,IDEA-078,Donchian fade (ADX<20),SPY,16.6,-0.3972743106866488,-0.0382542481094309,-0.3700372587993235,-0.4396912604185249,3.338272032196654,-0.3204897694856761,,,FAIL,
68,IDEA-079,VIX spike reversion,SPY (VIX signal),9.7,0.0303559356337057,0.0023065037728955,0.0044275473781123,-0.315198410037657,3.338272032196654,-0.3204897694856761,,,FAIL,
69,IDEA-020,Donchian 20/10 (Turtle 1),GLD,7.9,0.4021755020139361,0.0263837130644939,0.2476873014765422,-0.2162461837919999,0.5406328332689652,-0.4532452206750047,,,FAIL,
70,IDEA-021,Donchian 55/20 (Turtle 2),GLD,3.9,0.1289498588664361,0.0093878901414303,0.0826178296597393,-0.3265002526142957,0.5406328332689652,-0.4532452206750047,,,FAIL,
71,IDEA-020,Donchian 20/10 (Turtle 1),SPY,8.4,1.6942837913880942,0.0793483675962689,0.811976895851309,-0.0801887207911802,3.338272032196654,-0.3204897694856761,,,FAIL,
72,IDEA-021,Donchian 55/20 (Turtle 2),SPY,5.5,0.4432846582223264,0.0286712047352473,0.3037723925049584,-0.1655017778220949,3.338272032196654,-0.3204897694856761,,,FAIL,
73,IDEA-022,52wk-high breakout,AAPL,3.9,3.343236425571095,0.1197925427380424,0.75403497985414,-0.2971867270548863,18.754920258056387,-0.4419022008899439,,,FAIL,
74,IDEA-022,52wk-high breakout,XLK,5.6,0.3767565940156965,0.0249381241968813,0.2324948981914051,-0.2269096118250873,5.458943102653879,-0.3547516077858003,,,FAIL,
75,IDEA-023,ATR volatility breakout,GLD,9.2,-0.4906929380051152,-0.0506518193379109,-0.296990740315134,-0.7322550741527796,0.5406328332689652,-0.4532452206750047,,,FAIL,
76,IDEA-024,Bollinger squeeze breakout,GLD,1.4,0.0674760028590484,0.0050431972531137,-0.0245452456581672,-0.0980244097129395,0.5406328332689652,-0.4532452206750047,,,FAIL,
77,IDEA-026,Volume-confirmed breakout,AAPL,4.3,0.5278856256751288,0.0331954388552295,0.2716298139470149,-0.342184466002665,18.754920258056387,-0.4419022008899439,,,FAIL,
78,IDEA-026,Volume-confirmed breakout,MSFT,5.2,0.202824990020336,0.0143290159855871,0.1296805933481365,-0.1846419563406812,9.162575480964993,-0.3646005760770029,,,FAIL,
79,IDEA-061,Donchian 4-week rule L/S,GLD,6.2,-0.3323451233783495,-0.0306438451065074,-0.16227782541085,-0.4731870860524472,0.5406328332689652,-0.4532452206750047,,,FAIL,
80,IDEA-080,Williams vol breakout (daily),GLD,10.3,0.1613226990702079,0.0115888072737047,0.2894405452820098,-0.0289593101915138,0.5406328332689652,-0.4532452206750047,,,FAIL,
81,IDEA-081,ATR channel + chandelier,GLD,5.0,0.1606081548605391,0.0115408423733138,0.1217490507084859,-0.1398343108952837,0.5406328332689652,-0.4532452206750047,,,FAIL,
82,IDEA-082,Range-compression breakout,GLD,2.1,-0.0704864301197468,-0.005615374740071,-0.2111349883903638,-0.2482162143908638,0.5406328332689652,-0.4532452206750047,,,FAIL,
83,IDEA-083,Flag/pennant breakout,GLD,0.0,0.0819841058112273,0.0060889967057691,0.0,-1.4563404595380192e-05,0.5406328332689652,-0.4532452206750047,,,FAIL,
84,IDEA-084,OBV-confirmed breakout,AAPL,7.2,6.484450380700801,0.1677391936603283,0.9354781065798832,-0.3273933290107594,18.754920258056387,-0.4419022008899439,,,FAIL,
85,IDEA-084,OBV-confirmed breakout,MSFT,7.9,0.742327540882395,0.0437026811994667,0.3194390540960232,-0.2479373751073609,9.162575480964993,-0.3646005760770029,,,FAIL,
86,IDEA-085,Swing-high breakout (3%),GLD,0.0,0.0819841058112273,0.0060889967057691,0.0,-1.4563404595380192e-05,0.5406328332689652,-0.4532452206750047,,,FAIL,
87,IDEA-086,Gold multi-month base breakout,GLD,1.9,0.0779353404344254,0.0057984544928548,0.0512284676065612,-0.3445342462574536,0.5406328332689652,-0.4532452206750047,,,FAIL,
88,IDEA-087,Prior-year-high breakout,SPY,0.5,1.5650521790301617,0.0752687930950384,0.5001368186424856,-0.3678807757849376,3.338272032196654,-0.3204897694856761,,,FAIL,
89,IDEA-088,NR7 breakout (adapted),GLD,30.0,0.2378008109276657,0.0165713736958732,0.1495831495709252,-0.2084720254327315,0.5406328332689652,-0.4532452206750047,,,FAIL,
90,IDEA-089,Ross hook pullback breakout,GLD,9.4,0.0760032294425185,0.0056594496859869,0.0466214938974192,-0.2895165923203302,0.5406328332689652,-0.4532452206750047,,,FAIL,
91,IDEA-028,Sell in May,SPY,2.0,1.634142968435532,0.0774728426646631,0.6390211797344215,-0.3204897694856757,3.338272032196654,-0.3204897694856761,,,FAIL,
92,IDEA-029,Turn-of-month,SPY,24.0,0.5355839128993678,0.0335955659976017,0.3972416078115829,-0.1501056735255672,3.338272032196654,-0.3204897694856761,,,FAIL,
93,IDEA-029,Turn-of-month,QQQ,24.0,0.6280933095497614,0.0382642786120552,0.3931429999252054,-0.1994805012217101,5.42886034099324,-0.3669303629848333,,,FAIL,
94,IDEA-030,Santa Claus rally,SPY,2.0,0.1438188012016432,0.0104059141885168,0.1943249546197553,-0.0682587320208145,3.338272032196654,-0.3204897694856761,,,FAIL,
95,IDEA-031,Gold seasonal Sep-Feb,GLD,2.0,0.0510288308147586,0.0038416371850726,0.0316887412772658,-0.2918389643903039,0.5406328332689652,-0.4532452206750047,,,FAIL,
96,IDEA-090,Gold seasonal Aug25-Oct31,GLD,2.0,-0.1159264946884996,-0.0094476580582654,-0.1992747698306636,-0.2850742877515412,0.5406328332689652,-0.4532452206750047,,,FAIL,
97,IDEA-032,Pre-holiday effect,SPY,18.1,0.1483174958904076,0.0107115175875955,0.1568284989519482,-0.0847544239933932,3.338272032196654,-0.3204897694856761,,,FAIL,
98,IDEA-091,Triple-witching drift,SPY,8.0,-0.0353534478956649,-0.0027691228183296,-0.2686541618204775,-0.1101366538753777,3.338272032196654,-0.3204897694856761,,,FAIL,
99,IDEA-033,Window dressing (sectors),9 SPDR sectors,,,,,,,,,,ERROR,Encountered all NA values
100,IDEA-034,Month-of-year seasonality (walk-fwd),SPY,3.6,1.39348330097163,0.0695491636385432,0.6257921874781308,-0.3009553797813257,3.338272032196654,-0.3204897694856761,,,FAIL,
101,IDEA-035+IDEA-041,Fixed-frac 1% w/ 2N stop,GLD (Donchian 20/10),90.5,0.2172595459482624,0.0152616397161928,0.24111727418997,-0.0889784989067415,0.5406328332689652,-0.4532452206750047,0.2033896385682134,0.1896766653013588,FAIL,
102,IDEA-036,ATR 'N' sizing,GLD (Donchian 20/10),102.0,0.3219264568710969,0.0217341046405086,0.3707580744268429,-0.1059336473808177,0.5406328332689652,-0.4532452206750047,0.3065078095278386,0.2912678170805469,FAIL,
103,IDEA-037,Half-Kelly sizing,GLD (Donchian 20/10),7.9,0.1616787018496066,0.0116126943532415,0.1730195101747831,-0.0872080290646331,0.5406328332689652,-0.4532452206750047,,,FAIL,
104,IDEA-038,Vol targeting 10%,SPY,51.2,1.8542986937587371,0.0841564951799291,0.6897216038920152,-0.1635490292558644,3.338272032196654,-0.3204897694856761,,,FAIL,
105,IDEA-039,1/N rebalancing,SPY/GLD/XLE/XLK/XLV,0.0,2.954209552933814,0.1117262801501821,0.7494885930951761,-0.3046873655291381,2.952628027281031,-0.3046873655291383,,,PASS,
106,IDEA-040,Pyramiding (Turtle adds),GLD (Donchian 20/10),16.6,0.4145774468026375,0.0270802608411691,0.287148629888814,-0.1495529931539684,0.5406328332689652,-0.4532452206750047,,,FAIL,
107,IDEA-042,Position/correlation caps,GLD/SPY/QQQ Donchian book,22.2,0.7725539904617933,0.0450865716399344,0.7130404558947022,-0.0796450262213189,2.8187542635341805,-0.2413635304981202,,,FAIL,
108,IDEA-044,Portfolio heat cap 6%,GLD/SPY/QQQ Donchian book,22.8,1.0676331330431683,0.0575582206085438,0.7117512779405761,-0.1049541956852839,2.8187542635341805,-0.2413635304981202,,,FAIL,
109,IDEA-093,Risk parity SPY/GLD/IEF,SPY/GLD/IEF,12.0,0.937255189456699,0.0522648496248228,0.7840143778765275,-0.1704532730197491,1.2766943749863344,-0.1741258805924532,,,FAIL,
110,IDEA-094,CPPI floor 90 / mult 3,SPY,0.0,3.340007861741042,0.1197283918753948,0.7215665175109376,-0.3204897694856758,3.338272032196654,-0.3204897694856761,,,PASS,
111,IDEA-095,Drawdown de-risking,GLD (Donchian 20/10),8.2,0.2712509630592297,0.0186618643813227,0.2041349778894949,-0.1722180561251308,0.5406328332689652,-0.4532452206750047,,,FAIL,
112,IDEA-096,VIX-scaled exposure,SPY (VIX signal),19.6,2.3598925269095012,0.0978637747448167,0.7032525317820317,-0.240889978864652,3.338272032196654,-0.3204897694856761,,,FAIL,
113,IDEA-097,Barbell 90/10,BIL + GLD sleeve,7.9,0.0969888456151057,0.0071570681626007,0.1078695231776239,-0.0249404855475725,0.3288878813587661,-0.2503722823381575,,,FAIL,
114,IDEA-098,Rebalancing bands 60/40,SPY/GLD,252.0,2.0810166095879645,0.0905593649489484,0.727932174672248,-0.2233793297903575,1.8016141787310724,-0.2012245309093574,2.0705479614445723,2.060114851330023,FAIL,
115,IDEA-004,XS momentum 12-1 top decile,9 SPDR sectors,3.9,4.359090135223306,0.13807178594614422,0.6521369979326573,-0.30721338374192586,3.4266694066237253,-0.34611039927581466,,,PASS,
116,IDEA-048,Dual momentum 4-asset,SPY/EFA/GLD/IEF (SHY cash),3.2,0.2347820922106152,0.016380159988590215,0.14312543190840252,-0.2626877069720217,1.1771027458748176,-0.2047771532459619,,,FAIL,
117,IDEA-033,Window dressing (sectors),9 SPDR sectors,10.1,0.10879149814868105,0.007987774921161872,0.06192698604932883,-0.18617575986694956,3.4266694066237253,-0.34611039927581466,,,FAIL,
